{"consumed_samples":2528,"_runtime":545,"train_step_timing in s":3.1973648071289062,"grad_norm":2.017788887023926,"_step":316,"lr-McoreOpt/pg2":1.8959999999999998e-05,"_wandb":{"runtime":545},"reduced_train_loss":0.9465906620025635,"trainer/global_step":158,"_timestamp":1.758135685003368e+09,"tev_sd":0.007110595703125,"tev_mean":0.007110595703125,"lr":1.8840000848285854e-05,"global_batch_size":16,"lr-McoreOpt/pg1":1.8959999999999998e-05,"global_step":157}